City ID,City,Cloudiness,Country,Date,Humidity,Latitude,Longitude,Max Temp,Wind Speed
0,albany,40,US,1531529640,41,42.65,-73.75,80.6,2.64
1,volchansk,12,RU,1531530853,92,59.94,60.08,58.92,4.76
2,hilo,90,US,1531528740,74,19.71,-155.08,82.4,10.29
3,hobart,40,AU,1531530000,81,-42.88,147.33,46.4,10.29
4,kapaa,75,US,1531526160,74,22.08,-159.32,84.2,16.11
5,kavieng,68,PG,1531530854,100,-2.57,150.8,78.63,0.63
6,punta arenas,0,CL,1531526400,99,-53.16,-70.91,32.0,13.87
7,constitucion,75,MX,1531525680,20,23.99,-104.67,82.4,12.75
8,peniche,40,PT,1531528200,88,39.36,-9.38,64.4,4.7
9,ust-omchug,80,RU,1531530854,59,61.13,149.63,65.22,4.21
10,nikolskoye,0,RU,1531528200,77,59.7,30.79,60.8,2.53
11,rikitea,80,PF,1531530855,100,-23.12,-134.97,71.88,16.28
12,oranjemund,0,ZA,1531530855,99,-28.55,16.43,58.11,16.4
13,ushuaia,20,AR,1531530855,100,-54.81,-68.31,33.45,15.73
14,dikson,80,RU,1531530856,98,73.51,80.55,40.38,13.04
15,cape town,20,ZA,1531526400,93,-33.93,18.42,46.4,5.82
16,santiago,68,CL,1531530000,62,-33.44,-70.65,57.2,5.82
17,aklavik,40,CA,1531526400,37,68.22,-135.01,68.0,5.82
18,leh,64,IN,1531530857,96,34.16,77.58,34.17,1.63
19,ponta do sol,0,BR,1531530857,68,-20.63,-46.0,56.94,4.21
20,bluff,0,AU,1531530857,47,-23.58,149.07,54.15,5.55
21,ritchie,92,ZA,1531526400,94,-29.03,24.6,41.0,6.93
22,puerto ayora,0,EC,1531526400,65,-0.74,-90.35,77.0,14.99
23,barrow,36,AR,1531530858,84,-38.31,-60.23,53.88,4.99
24,airai,0,TL,1531530858,65,-8.93,125.41,67.65,2.19
25,mar del plata,92,AR,1531530749,100,-46.43,-67.52,36.51,4.76
26,east london,88,ZA,1531530859,100,-33.02,27.91,60.36,17.52
27,la ronge,75,CA,1531526400,50,55.1,-105.3,75.2,5.82
28,tagusao,64,PH,1531530859,94,9.19,117.81,81.06,11.36
29,chapais,90,CA,1531526400,88,49.78,-74.86,64.4,11.41
30,alofi,75,NU,1531530000,73,-19.06,-169.92,77.0,14.99
31,bilma,44,NE,1531530860,23,18.69,12.92,77.19,0.29
32,severo-kurilsk,12,RU,1531530860,86,50.68,156.12,55.14,2.08
33,sandwick,0,GB,1531525800,100,54.57,-2.89,55.4,6.93
34,uribia,0,CO,1531530860,58,11.71,-72.27,85.74,24.23
35,busselton,68,AU,1531530860,100,-33.64,115.35,60.36,21.21
36,tuktoyaktuk,75,CA,1531526400,55,69.44,-133.03,60.8,4.7
37,roebourne,0,AU,1531530861,63,-20.77,117.15,50.28,2.75
38,palu,20,ID,1531530861,78,-0.9,119.87,69.45,1.97
39,mataura,8,NZ,1531530861,79,-46.19,168.86,45.78,4.32
40,avarua,75,CK,1531530000,73,-21.21,-159.78,75.2,9.17
41,ilulissat,75,GL,1531525800,75,69.22,-51.1,44.6,2.24
42,ribeira grande,80,PT,1531530862,100,38.52,-28.7,71.34,15.95
43,longyearbyen,75,NO,1531529400,86,78.22,15.63,39.2,6.93
44,norman wells,75,CA,1531526400,40,65.28,-126.83,68.0,6.93
45,hirara,40,JP,1531526400,83,24.8,125.28,82.4,8.05
46,port elizabeth,1,US,1531529700,73,39.31,-74.98,77.0,8.12
47,faanui,92,PF,1531530863,100,-16.48,-151.75,76.83,10.02
48,carnarvon,0,ZA,1531530863,78,-30.97,22.13,25.53,6.78
49,falun,44,SE,1531529400,87,60.61,15.63,59.0,2.24
50,saldanha,0,PT,1531530864,91,41.42,-6.55,59.46,2.75
51,goderich,56,CA,1531530864,78,43.74,-81.71,74.4,11.14
52,mehamn,0,NO,1531530864,91,71.03,27.85,48.66,3.2
53,mahebourg,64,MU,1531530864,95,-20.41,57.7,68.01,11.25
54,sorland,0,NO,1531530864,100,67.67,12.69,51.36,5.55
55,kaduqli,12,SD,1531530865,89,11.01,29.72,71.7,3.76
56,khatanga,8,RU,1531530865,68,71.98,102.47,49.74,10.69
57,qaanaaq,64,GL,1531530865,98,77.48,-69.36,34.53,5.99
58,iqaluit,75,CA,1531526400,76,63.75,-68.52,51.8,3.36
59,the valley,20,AI,1531526400,69,18.22,-63.06,82.4,13.87
60,bedesa,68,ET,1531530866,81,8.9,40.78,60.09,3.2
61,kunya,20,NG,1531526400,88,12.22,8.53,78.8,8.05
62,hithadhoo,92,MV,1531530866,100,-0.6,73.08,83.58,11.03
63,port alfred,0,ZA,1531530866,100,-33.59,26.89,55.41,12.37
64,santa cruz cabralia,75,BR,1531530000,88,-16.28,-39.02,71.6,3.36
65,cherskiy,8,RU,1531530867,66,68.75,161.3,49.29,5.77
66,rockingham,0,GB,1531529400,82,52.52,-0.72,62.6,5.82
67,lorengau,76,PG,1531530867,100,-2.02,147.27,80.43,5.88
68,praya,75,ID,1531530000,73,-8.71,116.27,77.0,16.11
69,wichita falls,1,US,1531529700,41,33.91,-98.49,93.2,16.11
70,coahuayana,12,MX,1531530868,66,18.62,-100.35,78.45,0.4
71,vardo,1,US,1531529700,57,39.62,-77.74,84.2,3.65
72,marsh harbour,36,BS,1531530868,100,26.54,-77.06,82.23,1.63
73,jardim,36,BR,1531530868,68,-21.48,-56.15,67.38,5.21
74,cascais,40,PT,1531528200,88,38.7,-9.42,66.2,4.7
75,lourinha,40,PT,1531530000,88,39.23,-9.32,66.2,4.7
76,bredasdorp,92,ZA,1531526400,87,-34.53,20.04,50.0,6.93
77,sora,76,CO,1531530870,88,5.57,-73.45,54.15,1.52
78,upernavik,92,GL,1531530871,90,72.79,-56.15,38.49,38.43
79,katsuura,75,JP,1531526400,66,33.93,134.5,84.2,4.7
80,hohhot,0,CN,1531526400,77,40.81,111.65,68.0,4.47
81,gobabis,100,NA,1531530872,37,-22.45,18.97,60.72,7.0
82,poum,0,MK,1531528200,87,41.28,20.71,57.2,2.24
83,guerrero negro,0,MX,1531530872,51,27.97,-114.04,78.9,12.48
84,arvika,12,SE,1531529400,93,59.65,12.59,59.0,3.2
85,flinders,0,AU,1531526400,50,-34.58,150.85,51.8,9.17
86,santa rosa,48,AR,1531530875,57,-36.62,-64.29,54.96,7.9
87,mogadishu,92,SO,1531530875,100,2.04,45.34,75.93,21.32
88,kodiak,20,US,1531525980,66,39.95,-94.76,84.2,10.29
89,jamestown,0,AU,1531530875,55,-33.21,138.6,42.81,9.57
90,panama city,1,US,1531526160,66,30.16,-85.65,86.0,8.05
91,georgetown,20,GY,1531526400,94,6.8,-58.16,77.0,2.24
92,changji,0,CN,1531530876,81,32.07,116.17,86.82,6.22
93,griffith,36,AU,1531530876,100,-34.29,146.06,42.99,4.43
94,nazilli,0,TR,1531530877,61,37.91,28.32,64.05,2.42
95,arraial do cabo,36,BR,1531530877,90,-22.97,-42.02,71.43,8.79
96,rocha,88,UY,1531530877,89,-34.48,-54.34,49.2,5.99
97,yellowknife,75,CA,1531526400,87,62.45,-114.38,59.0,11.41
98,gusau,92,NG,1531530878,86,12.17,6.66,73.59,10.13
99,kajaani,20,FI,1531529400,93,64.22,27.73,53.6,1.12
100,ostersund,0,SE,1531529400,82,63.18,14.64,57.2,8.05
101,ust-kulom,88,RU,1531530878,80,61.69,53.69,66.21,2.75
102,deep river,90,CA,1531526400,69,46.1,-77.49,75.2,2.24
103,lata,76,IN,1531530879,100,30.78,78.62,58.47,1.74
104,bati,92,ET,1531530879,85,11.19,40.02,67.2,4.88
105,west bay,0,GB,1531529400,87,50.71,-2.76,59.0,2.24
106,esperance,40,TT,1531526400,94,10.24,-61.45,77.0,6.93
107,barcelos,75,PT,1531530000,93,41.53,-8.62,64.4,3.36
108,provideniya,44,RU,1531530880,100,64.42,-173.23,42.9,10.92
109,bethel,90,US,1531529580,76,60.79,-161.76,55.4,16.11
110,qasigiannguit,75,GL,1531525800,75,68.82,-51.19,44.6,2.24
111,clyde river,90,CA,1531526400,86,70.47,-68.59,39.2,21.92
112,nizwa,0,OM,1531530881,36,22.93,57.53,85.11,5.66
113,vaini,92,IN,1531530881,98,15.34,74.49,70.26,8.34
114,portland,75,US,1531529580,22,45.52,-122.67,91.4,9.17
115,ancud,100,CL,1531530881,100,-41.87,-73.83,47.49,5.77
116,ilorin,32,NG,1531530882,91,8.5,4.55,72.69,7.45
117,butaritari,80,KI,1531530882,100,3.07,172.79,82.05,8.79
118,castro,100,CL,1531530882,100,-42.48,-73.76,48.39,5.77
119,timra,0,SE,1531529400,93,62.49,17.33,55.4,4.7
120,lixourion,0,GR,1531530883,88,38.2,20.43,77.19,20.54
121,kaitangata,20,NZ,1531530883,69,-46.28,169.85,46.59,3.87
122,olinda,40,EC,1531526400,69,-2.03,-79.75,78.8,6.93
123,maragogi,32,BR,1531530665,88,-9.01,-35.22,71.61,7.78
124,ucluelet,20,CA,1531526400,56,48.94,-125.55,69.8,11.41
125,suntar,8,RU,1531530884,72,62.16,117.65,67.65,4.09
126,tuatapere,0,NZ,1531530884,100,-46.13,167.69,49.02,4.65
127,sitka,8,US,1531530884,36,37.17,-99.65,94.29,11.81
128,ayorou,0,NE,1531530885,51,14.73,0.92,84.48,9.57
129,vao,48,EE,1531530885,90,59.1,26.19,61.17,2.75
130,karaton,20,ID,1531530000,69,-6.34,106.1,80.6,4.7
131,hervey bay,0,AU,1531530885,100,-25.3,152.85,57.03,7.45
132,indramayu,20,ID,1531530885,88,-4.05,103.78,62.52,3.2
133,sidi ali,32,DZ,1531530886,94,36.1,0.42,68.37,2.75
134,constantine,20,DZ,1531528200,18,36.36,6.61,84.2,4.7
135,thompson,40,CA,1531526400,37,55.74,-97.86,82.4,4.7
136,cidreira,20,BR,1531530886,84,-30.17,-50.22,49.11,3.31
137,joao pinheiro,68,BR,1531530887,62,-17.74,-46.17,66.93,3.98
138,prado,8,BR,1531530887,100,-17.34,-39.22,75.75,8.01
139,tocopilla,0,CL,1531530887,99,-22.09,-70.2,59.91,0.85
140,makakilo city,90,US,1531526220,54,21.35,-158.09,87.8,10.29
141,bontang,8,ID,1531530888,99,0.12,117.47,80.97,9.57
142,dunedin,0,NZ,1531530628,64,-45.87,170.5,47.58,3.65
143,quthing,92,LS,1531530888,100,-30.4,27.7,42.36,2.64
144,bocaiuva,80,BR,1531530888,66,-17.12,-43.81,67.02,3.87
145,saint george,20,GR,1531529400,73,39.45,22.34,73.4,3.36
146,grindavik,90,IS,1531528200,100,63.84,-22.43,50.0,10.29
147,saint-philippe,1,CA,1531529700,88,45.36,-73.48,80.6,5.44
148,hermanus,92,ZA,1531530889,98,-34.42,19.24,48.75,2.86
149,broken hill,0,AU,1531530890,88,-31.97,141.45,42.45,5.44
150,kloulklubed,90,PW,1531526040,88,7.04,134.26,78.8,12.75
151,lavrentiya,64,RU,1531530890,87,65.58,-170.99,47.13,10.25
152,huarmey,0,PE,1531530890,72,-10.07,-78.15,62.88,3.2
153,mossendjo,0,CG,1531530890,94,-2.95,12.72,67.11,3.42
154,scottsbluff,1,US,1531529580,48,41.87,-103.67,84.2,11.41
155,sayyan,44,YE,1531530891,69,15.17,44.32,55.41,2.64
156,talnakh,32,RU,1531530891,60,69.49,88.39,48.93,3.65
157,nanortalik,0,GL,1531530891,95,60.14,-45.24,37.5,2.19
158,new norfolk,40,AU,1531530000,81,-42.78,147.06,46.4,10.29
159,howard springs,0,AU,1531530000,47,-12.5,131.05,80.6,2.24
160,minna,88,NG,1531530892,100,9.62,6.55,71.43,8.01
161,marrakesh,0,MA,1531526400,56,31.63,-7.99,71.6,5.82
162,te anau,20,NZ,1531530892,85,-45.41,167.72,44.34,3.42
163,kjollefjord,0,NO,1531530893,91,70.95,27.35,48.66,3.2
164,tasiilaq,56,GL,1531529400,75,65.61,-37.64,46.4,2.24
165,makaha,40,US,1531526220,61,21.47,-158.22,87.8,10.29
166,sao filipe,76,CV,1531530893,100,14.9,-24.5,74.49,16.51
167,ayia marina,0,GR,1531529400,57,37.75,23.53,77.0,5.82
168,petropavlovsk-kamchatskiy,75,RU,1531528200,82,53.05,158.65,60.8,11.18
169,saint-pierre,32,FR,1531530000,68,48.95,4.24,66.2,9.17
170,dondo,0,MZ,1531530894,84,-19.62,34.74,63.78,2.53
171,bandarbeyla,44,SO,1531530894,81,9.49,50.81,79.71,32.95
172,midland,24,US,1531529700,28,32.0,-102.08,95.0,12.75
173,paamiut,0,GL,1531530895,88,61.99,-49.67,42.63,22.77
174,cooma,0,AU,1531530895,75,-36.24,149.13,39.84,4.21
175,wagar,12,US,1531530895,80,31.44,-87.99,85.11,3.09
176,zelenoborskiy,8,RU,1531530895,82,66.84,32.36,52.26,3.87
177,berdigestyakh,44,RU,1531530896,55,62.1,126.7,66.39,6.44
178,chokurdakh,80,RU,1531530896,79,70.62,147.9,56.49,18.19
179,chuy,24,UY,1531530896,86,-33.69,-53.46,50.55,7.45
180,eyl,12,SO,1531530896,70,7.98,49.82,81.42,27.81
181,coquimbo,90,CL,1531526400,93,-29.95,-71.34,51.8,2.24
182,leningradskiy,48,RU,1531530897,63,69.38,178.42,47.13,5.55
183,erenhot,0,CN,1531530897,67,43.65,111.97,70.71,4.76
184,qujing,80,CN,1531530897,94,25.49,103.8,62.88,3.98
185,kurtamysh,68,RU,1531530898,90,54.91,64.43,65.31,9.8
186,xining,0,CN,1531530898,78,36.62,101.77,56.31,1.63
187,saint-francois,0,FR,1531530000,87,46.42,3.91,60.8,3.65
188,point pedro,32,LK,1531530898,92,9.82,80.23,83.31,24.79
189,micheweni,0,TZ,1531530898,99,-4.97,39.83,78.09,17.07
190,sinnamary,76,GF,1531530899,91,5.38,-52.96,82.32,12.48
191,zemio,20,CF,1531530899,95,5.02,25.13,67.47,2.53
192,hami,68,CN,1531530899,45,42.84,93.51,74.76,4.32
193,luderitz,0,NA,1531530899,77,-26.65,15.16,53.97,24.11
194,mount pleasant,1,US,1531529760,62,33.16,-94.97,91.4,4.21
195,kruisfontein,56,ZA,1531530900,85,-34.0,24.73,58.38,22.21
196,port lincoln,24,AU,1531530901,89,-34.72,135.86,54.33,17.85
197,souillac,0,FR,1531530000,64,45.6,-0.6,69.8,2.24
198,pontianak,20,ID,1531528200,88,-0.02,109.34,77.0,9.17
199,torbay,90,CA,1531526400,76,47.66,-52.73,51.8,6.93
200,mount isa,0,AU,1531530000,16,-20.73,139.49,68.0,11.41
201,gazojak,36,TM,1531530902,32,41.19,61.4,82.59,8.68
202,atuona,68,PF,1531530902,100,-9.8,-139.03,79.89,18.86
203,zhigansk,0,RU,1531530902,53,66.77,123.37,56.13,8.46
204,hofn,68,IS,1531530902,98,64.25,-15.21,49.2,0.96
205,nishihara,1,JP,1531529760,55,35.74,139.53,89.6,9.17
206,tateyama,20,JP,1531526400,66,36.66,137.31,86.0,3.36
207,ukiah,1,US,1531526160,23,39.15,-123.21,86.0,3.2
208,gat,8,SN,1531526400,69,14.69,-16.54,82.4,4.7
209,saskylakh,36,RU,1531530903,90,71.97,114.09,46.86,9.69
210,darasun,40,RU,1531528200,63,51.66,113.98,66.2,6.71
211,arys,90,KZ,1531528200,34,42.43,68.8,82.4,4.47
212,velikooktyabrskiy,8,RU,1531530904,92,57.43,33.81,59.28,2.75
213,sangmelima,80,CM,1531530904,95,2.93,11.98,68.19,2.19
214,mapiripan,92,CO,1531530905,100,2.89,-72.13,71.16,2.19
215,seoul,75,KR,1531529760,69,37.57,126.98,84.2,4.7
216,kieta,80,PG,1531530905,98,-6.22,155.63,80.61,5.1
217,kiama,0,AU,1531526400,50,-34.67,150.86,51.8,9.17
218,dauphin,20,CA,1531526400,45,51.15,-100.04,86.0,5.82
219,namatanai,48,PG,1531530906,100,-3.66,152.44,82.77,4.21
220,geraldton,75,CA,1531528260,83,49.72,-86.95,69.8,5.82
221,ginda,76,IN,1531530906,100,30.69,78.49,58.47,1.74
222,margate,40,AU,1531530000,81,-43.03,147.26,46.4,10.29
223,sur,20,OM,1531530907,79,22.57,59.53,90.33,7.67
224,port moresby,76,PG,1531530907,96,-9.47,147.16,78.54,12.15
225,puri,20,ID,1531526400,73,-7.54,112.45,77.0,6.93
226,peleduy,0,RU,1531530907,75,59.63,112.75,63.06,3.2
227,bambous virieux,64,MU,1531530908,95,-20.34,57.76,68.01,11.25
228,ketchikan,1,US,1531529760,45,55.34,-131.65,68.0,10.29
229,hasaki,75,JP,1531528200,70,35.73,140.83,87.8,4.7
230,vila,0,IT,1531529400,82,45.18,8.4,71.6,8.05
231,lompoc,90,US,1531528500,82,34.64,-120.46,80.6,11.41
232,otukpo,36,NG,1531530909,94,7.19,8.13,71.88,6.67
233,chekhov,0,RU,1531528200,87,55.14,37.45,64.4,2.86
234,narsaq,20,GL,1531529400,71,60.91,-46.05,50.0,1.12
235,lebu,20,ET,1531530910,93,8.96,38.73,46.59,2.64
236,rach gia,36,VN,1531530910,94,10.02,105.08,80.16,11.81
237,hovd,20,NO,1531529400,87,63.83,10.7,53.6,6.93
238,vostok,92,RU,1531530910,100,46.45,135.83,65.22,2.64
239,bambanglipuro,36,ID,1531530911,87,-7.95,110.28,69.72,2.75
240,victoria,75,BN,1531528200,100,5.28,115.24,80.6,3.76
241,newport,0,GB,1531529400,93,51.59,-3.0,59.0,4.7
242,cap-aux-meules,20,CA,1531526400,93,47.38,-61.86,57.2,2.24
243,college,20,US,1531526280,31,64.86,-147.8,73.4,11.41
244,archidona,92,EC,1531530912,91,-0.91,-77.81,60.81,2.75
245,bakchar,32,RU,1531530913,58,57.02,82.07,68.46,8.12
246,la romana,40,DO,1531526400,78,18.43,-68.97,80.6,5.99
247,wamba,64,CD,1531530913,98,2.14,27.99,65.85,1.63
248,arnstadt,0,DE,1531529400,77,50.83,10.95,59.0,6.93
249,naze,76,NG,1531530913,96,5.43,7.07,69.0,2.75
250,zhanaozen,88,KZ,1531530914,24,43.35,52.85,85.11,10.25
251,fairbanks,20,US,1531526280,31,64.84,-147.72,73.4,11.41
252,watertown,1,US,1531529580,47,44.9,-97.12,84.2,6.93
253,nara,40,JP,1531528200,66,34.68,135.8,89.6,5.82
254,taldan,92,RU,1531530915,100,53.69,124.82,61.98,3.76
255,zambezi,0,ZM,1531530915,72,-13.55,23.12,54.33,2.98
256,mayskiy,75,RU,1531526400,77,43.63,44.06,69.8,4.47
257,porbandar,100,IN,1531530915,91,21.64,69.61,81.69,15.5
258,tiarei,40,PF,1531530000,69,-17.53,-149.33,82.4,4.7
259,sola,75,NO,1531529400,81,58.89,5.65,53.6,13.87
260,takaka,92,NZ,1531530916,100,-40.86,172.81,49.02,3.98
261,perbal,0,HU,1531530000,93,47.59,18.76,57.2,2.24
262,bayan,0,MN,1531530916,79,47.25,107.54,57.84,4.43
263,laguna,75,MX,1531525440,32,27.52,-110.01,98.6,13.87
264,calama,0,CL,1531526400,12,-22.46,-68.93,59.0,9.17
265,swift current,1,CA,1531526400,35,50.29,-107.8,87.8,6.93
266,eura,0,FI,1531529400,93,61.13,22.13,59.0,1.12
267,zeya,76,RU,1531530918,87,53.74,127.27,64.32,3.31
268,mount gambier,0,AU,1531530918,90,-37.83,140.78,39.39,5.77
269,los llanos de aridane,76,ES,1531530000,64,28.66,-17.92,68.0,6.93
270,sao luis do quitunde,20,BR,1531526400,88,-9.32,-35.56,69.8,1.12
271,vila velha,75,BR,1531530000,78,-3.71,-38.6,80.6,11.41
272,thaba nchu,92,ZA,1531530919,100,-29.2,26.83,45.96,2.64
273,havre-saint-pierre,20,CA,1531526400,72,50.23,-63.6,59.0,2.24
274,cabedelo,0,BR,1531526400,88,-6.97,-34.84,71.6,5.82
275,tanete,92,ID,1531530919,97,-3.94,119.78,75.21,7.23
276,brawley,75,US,1531526160,19,32.98,-115.53,107.6,6.93
277,canon city,100,US,1531530920,18,39.46,-117.13,84.75,2.64
278,vakhtan,12,RU,1531530920,96,57.97,46.69,60.99,4.65
279,klaksvik,92,FO,1531529400,100,62.23,-6.59,51.8,20.8
280,trairi,44,BR,1531530920,100,-3.28,-39.27,79.98,22.77
281,haines junction,8,CA,1531530921,32,60.75,-137.51,63.87,2.75
282,burgeo,0,CA,1531530921,95,47.61,-57.61,52.71,2.19
283,adrar,0,DZ,1531526400,11,27.87,-0.29,104.0,9.17
284,mecca,0,SA,1531526400,33,21.43,39.83,91.4,1.3
285,pindushi,36,RU,1531530922,64,62.92,34.58,62.43,4.76
286,plettenberg bay,64,ZA,1531530922,100,-34.05,23.37,58.56,25.9
287,guanica,40,PR,1531525800,78,17.97,-66.91,80.6,10.29
288,sao joao da barra,12,BR,1531530922,95,-21.64,-41.05,74.94,14.83
289,cervo,12,BR,1531530923,78,-22.19,-46.24,48.39,2.19
290,bathurst,0,AU,1531530859,96,-33.42,149.58,34.35,3.09
291,owando,0,CG,1531530923,86,-0.49,15.91,71.52,2.42
292,chicama,90,PE,1531526400,88,-7.84,-79.15,64.4,5.82
293,pundaguitan,56,PH,1531530923,100,6.37,126.17,83.13,6.44
294,qaqortoq,20,GL,1531529400,71,60.72,-46.03,50.0,1.12
295,ola,75,RU,1531528200,82,59.58,151.3,55.4,2.24
296,ostrovnoy,0,RU,1531530924,68,68.05,39.51,59.28,9.46
297,mporokoso,0,ZM,1531530924,53,-9.37,30.12,55.23,8.01
298,salalah,90,OM,1531525800,88,17.01,54.1,80.6,8.05
299,labuhan,0,ID,1531530925,88,-2.54,115.51,74.22,3.31
300,mokrous,56,RU,1531530925,64,51.24,47.51,69.45,3.2
301,brigantine,1,US,1531529760,64,39.41,-74.36,73.4,3.36
302,lagos,20,NG,1531526400,94,6.46,3.39,77.0,4.43
303,tiksi,80,RU,1531530926,87,71.64,128.87,41.55,8.79
304,mangrol,92,IN,1531530926,99,25.33,76.51,74.31,4.65
305,omboue,8,GA,1531530926,100,-1.57,9.26,74.22,10.36
306,san policarpo,88,PH,1531530926,97,12.18,125.51,82.86,9.24
307,cabra,0,ES,1531530000,51,37.47,-4.43,69.8,1.12
308,baruun-urt,76,MN,1531530927,66,46.68,113.28,63.6,4.65
309,kirakira,68,SB,1531530927,100,-10.46,161.92,82.05,16.28
310,novocheremshansk,12,RU,1531530927,97,54.35,50.17,59.28,2.75
311,rincon,75,US,1531529760,94,32.3,-81.24,80.6,3.36
312,deputatskiy,48,RU,1531530928,90,69.3,139.9,47.04,14.05
313,yigou,92,CN,1531530928,96,35.81,114.32,76.83,4.99
314,bandar-e lengeh,12,IR,1531526400,84,26.56,54.88,91.4,11.41
315,effium,20,NG,1531530928,96,6.63,8.06,69.36,4.21
316,santa cruz,1,US,1531528500,56,36.97,-122.03,84.2,21.92
317,amahai,88,ID,1531530930,100,-3.31,129.0,76.65,7.45
318,thinadhoo,88,MV,1531530930,100,0.53,72.93,82.68,8.23
319,sosua,20,DO,1531526400,83,19.77,-70.52,80.6,17.22
320,rabo de peixe,40,PT,1531530000,77,37.8,-25.58,68.0,5.82
321,perevolotskiy,0,RU,1531530931,79,51.88,54.19,63.24,4.99
322,bonavista,56,CA,1531530931,81,48.65,-53.11,54.06,5.66
323,kidal,32,ML,1531530751,25,18.44,1.41,87.09,9.69
324,fortuna,0,ES,1531530000,88,38.18,-1.13,75.2,3.36
325,gedo,68,ET,1531530932,98,9.01,37.45,55.41,1.97
326,changtu,92,CN,1531530932,97,42.78,124.11,75.48,7.78
327,half moon bay,90,US,1531528800,87,37.46,-122.43,91.4,6.93
328,ardakan,0,IR,1531526400,13,32.31,54.02,78.8,2.24
329,pisco,0,PE,1531526400,88,-13.71,-76.2,62.6,10.29
330,padang,92,ID,1531530933,100,-0.92,100.36,80.43,4.65
331,najran,5,SA,1531526400,27,17.54,44.22,86.0,9.17
332,beloha,0,MG,1531530934,72,-25.17,45.06,60.81,12.03
333,fort nelson,90,CA,1531530540,87,58.81,-122.69,50.0,3.36
334,neiafu,40,TO,1531530000,74,-18.65,-173.98,78.8,9.17
335,dwarka,75,IN,1531528200,94,28.58,77.04,82.4,3.87
336,zaragoza,40,ES,1531530000,57,41.65,-0.88,75.2,4.7
337,hamilton,20,CA,1531526400,42,43.26,-79.87,84.2,8.05
338,tezu,32,IN,1531530935,88,27.93,96.16,69.54,1.63
339,kailua,90,US,1531526220,70,21.39,-157.74,87.8,13.87
340,port augusta,0,AU,1531530000,48,-32.49,137.76,57.2,19.46
341,avera,75,US,1531528500,88,33.19,-82.53,80.6,4.76
342,voloiac,0,RO,1531530000,68,44.62,23.1,66.2,10.29
343,inuvik,40,CA,1531526400,37,68.36,-133.71,68.0,5.82
344,swedru,92,GH,1531530936,95,6.83,-1.6,72.15,8.79
345,darhan,0,MN,1531530936,77,49.49,105.92,62.79,4.21
346,kahului,40,US,1531526160,62,20.89,-156.47,84.2,19.46
347,tomesti,0,RO,1531530000,77,47.12,27.68,66.2,6.93
348,abonnema,92,NG,1531530937,97,4.71,6.79,69.18,2.19
349,ishim,12,RU,1531530937,71,56.11,69.47,66.75,12.26
350,beringovskiy,36,RU,1531530937,100,63.05,179.32,48.66,4.32
351,pevek,100,RU,1531530937,93,69.7,170.27,40.74,7.56
352,monchegorsk,0,RU,1531530938,76,67.94,32.93,53.88,2.08
353,winneba,20,GH,1531526400,83,5.35,-0.62,78.8,10.29
354,imeni babushkina,24,RU,1531530938,87,59.76,43.13,59.01,2.86
355,tabas,0,IR,1531530938,30,33.6,56.92,71.25,4.54
356,monrovia,75,LR,1531526400,94,6.33,-10.8,77.0,7.9
357,dingle,92,PH,1531530939,79,11.0,122.67,81.42,9.8
358,morro bay,1,US,1531526160,56,35.37,-120.85,87.8,12.75
359,vanavara,92,RU,1531530939,74,60.35,102.28,64.86,3.65
360,port blair,88,IN,1531530939,98,11.67,92.75,82.86,26.57
361,nome,1,US,1531529700,70,30.04,-94.42,86.0,3.36
362,lima,0,PE,1531530721,69,-12.06,-77.04,60.63,1.97
363,tabou,92,CI,1531530940,100,4.42,-7.36,78.18,10.25
364,palaikastron,0,GR,1531530940,87,35.2,26.25,79.62,29.37
365,buala,48,SB,1531530940,83,-8.15,159.59,84.93,8.68
366,zyryanka,0,RU,1531530941,66,65.73,150.89,60.63,2.98
367,harper,1,US,1531529700,33,30.3,-99.24,93.2,9.17
368,kuytun,0,RU,1531530941,77,54.34,101.51,65.76,3.42
369,nkowakowa,0,ZA,1531530941,75,-23.89,30.29,38.85,2.19
370,lugovskoy,0,RU,1531528200,72,56.96,64.53,66.2,8.95
371,bathsheba,40,BB,1531526400,83,13.22,-59.52,78.8,18.34
372,khrebtovaya,56,RU,1531530942,77,56.71,104.25,64.68,3.2
373,tyukalinsk,20,RU,1531530942,71,55.87,72.2,67.83,12.48
374,ahipara,48,NZ,1531530942,90,-35.17,173.16,59.73,16.73
375,auki,92,NG,1531530943,86,12.18,6.51,73.59,10.13
376,nakamura,75,JP,1531528200,74,35.17,136.87,82.4,5.82
377,cabanas,8,ES,1531530000,88,43.42,-8.16,66.2,1.12
378,mahuta,0,TZ,1531530944,89,-10.87,39.42,62.07,5.77
379,noumea,24,NC,1531530000,88,-22.28,166.46,71.6,2.24
380,north bend,20,US,1531529760,77,43.41,-124.22,64.4,17.22
381,muscat,20,OM,1531525800,100,23.6,58.55,84.2,2.24
382,sicamous,90,CA,1531530000,37,50.84,-118.99,84.2,8.05
383,pemberton,8,AU,1531530945,94,-34.44,116.03,50.01,10.8
384,isangel,68,VU,1531530945,100,-19.55,169.27,74.67,9.24
385,emerald,0,AU,1531530945,51,-23.53,148.16,53.88,6.78
386,qazvin,0,IR,1531530945,81,36.28,50.01,60.36,5.32
387,aksarka,24,RU,1531530946,58,66.56,67.8,54.51,3.76
388,carutapera,8,BR,1531530946,94,-1.2,-46.02,76.65,5.66
389,sumbe,24,AO,1531530946,100,-11.2,13.84,67.11,3.31
390,karratha,0,AU,1531530946,63,-20.74,116.85,50.28,2.75
391,road town,40,VG,1531525980,74,18.42,-64.62,82.4,6.93
392,boyabat,12,TR,1531530947,91,41.47,34.77,56.13,2.19
393,san juan,0,AR,1531530948,84,-31.54,-68.53,43.89,2.98
394,klyuchi,48,RU,1531530948,69,52.25,79.17,70.17,2.98
395,canmore,20,CA,1531530000,30,51.09,-115.35,84.2,10.29
396,ixtapa,75,MX,1531525440,79,20.71,-105.21,86.0,9.17
397,imbituba,0,BR,1531526400,87,-28.24,-48.67,51.8,5.88
398,chimbote,0,PE,1531530949,90,-9.08,-78.59,63.96,7.23
399,arandis,0,NA,1531530949,77,-22.42,14.98,41.91,2.42
400,ambilobe,0,MG,1531530950,64,-13.19,49.05,66.39,8.68
401,hukuntsi,88,BW,1531530950,40,-23.98,21.76,63.33,6.22
402,sungaipenuh,24,ID,1531530950,97,-2.08,101.38,64.68,1.41
403,mirnyy,0,RU,1531530950,92,56.57,36.46,62.34,3.98
404,flin flon,8,CA,1531530950,42,54.77,-101.88,78.99,2.98
405,tabuk,100,PH,1531530951,97,17.41,121.44,68.73,2.08
406,caravelas,32,BR,1531530951,100,-17.73,-39.27,74.58,9.13
407,villa bruzual,88,VE,1531530951,95,9.33,-69.12,73.77,2.19
408,severo-yeniseyskiy,36,RU,1531530951,98,60.37,93.04,58.29,3.2
409,teknaf,32,BD,1531530951,98,20.86,92.31,77.01,6.44
410,yulara,0,AU,1531530000,19,-25.24,130.99,57.2,4.7
411,mlowo,0,TZ,1531530952,75,-9.01,33.0,50.19,5.77
412,nuoro,0,IT,1531529400,94,40.32,9.33,75.2,1.12
413,cockburn town,20,TC,1531530857,97,21.46,-71.14,82.32,17.63
414,viedma,88,AR,1531530794,83,-40.81,-62.99,51.0,6.89
415,katangli,0,RU,1531530953,89,51.71,143.23,54.42,7.34
416,udachnyy,88,RU,1531530953,62,66.42,112.4,53.61,3.31
417,palmer,1,US,1531529760,39,61.6,-149.11,64.4,16.11
418,faya,5,SA,1531526400,49,18.39,42.45,69.8,5.82
419,arlit,24,NE,1531530954,15,18.74,7.39,78.54,8.23
420,meulaboh,88,ID,1531530954,100,4.14,96.13,76.29,3.76
421,tucumcari,75,US,1531529580,69,35.17,-103.73,73.4,16.11
422,itaituba,68,BR,1531530954,85,-4.26,-55.99,76.56,2.53
423,mitsamiouli,0,KM,1531530954,100,-11.38,43.28,75.66,9.01
424,kalispell,1,US,1531526100,25,48.2,-114.32,87.8,13.87
425,rundu,0,NA,1531530955,53,-17.91,19.77,49.83,4.32
426,berlevag,12,NO,1531530955,92,70.86,29.09,48.48,3.2
427,takoradi,92,GH,1531530955,100,4.89,-1.75,75.48,7.23
428,belmonte,0,PT,1531530955,89,40.36,-7.35,56.85,2.53
429,srivardhan,100,IN,1531530956,100,18.03,73.02,74.04,9.46
430,havelock,1,US,1531529640,78,34.88,-76.9,80.6,8.05
431,kawalu,20,ID,1531530956,94,-7.38,108.21,60.27,1.63
432,husavik,0,CA,1531530956,57,50.56,-96.99,82.23,10.8
433,anadyr,40,RU,1531526400,71,64.73,177.51,53.6,13.42
434,esmeraldas,0,BR,1531526400,77,-19.76,-44.31,64.4,3.36
435,sao miguel do araguaia,0,BR,1531530957,81,-13.28,-50.16,71.79,3.09
436,verkhnevilyuysk,20,RU,1531530957,54,63.45,120.31,62.61,5.88
437,fuerte olimpo,12,BR,1531530957,75,-21.04,-57.87,70.08,6.33
438,trelew,68,AR,1531530957,77,-43.25,-65.31,42.36,4.32
439,nosy varika,68,MG,1531530958,100,-20.58,48.53,68.55,6.78
440,nuuk,20,GL,1531529400,71,64.17,-51.74,51.8,6.93
441,aloleng,92,PH,1531530958,100,16.13,119.78,76.65,15.17
442,west fargo,1,US,1531529580,48,46.88,-96.9,84.2,4.7
443,hambantota,0,LK,1531530959,94,6.12,81.12,81.33,18.52
444,buyabod,20,PH,1531530959,100,13.47,122.05,82.77,16.06
445,harqalah,0,SY,1531530959,60,35.96,38.95,79.53,15.5
446,hay river,75,CA,1531526940,82,60.82,-115.79,55.4,13.87
447,cartagena,0,ES,1531530000,88,37.63,-1.0,75.2,2.24
448,erdenet,0,MN,1531530960,76,49.03,104.04,60.72,3.65
449,carolina,20,PR,1531526160,78,18.38,-65.96,82.4,12.75
450,gamba,88,CN,1531530960,100,28.28,88.52,33.63,1.97
451,zhetysay,0,KZ,1531530960,50,40.73,68.3,75.84,3.31
452,bubaque,40,GW,1531526400,100,11.28,-15.83,77.0,7.11
453,batavia,75,US,1531529640,48,43.0,-78.19,82.4,3.31
454,dutlwe,36,BW,1531530961,70,-23.98,23.93,44.97,2.98
455,randfontein,0,ZA,1531526400,70,-26.17,27.69,42.8,2.24
456,pacayas,75,CR,1531526400,68,9.92,-83.81,71.6,13.87
457,lexington,1,US,1531528500,57,38.05,-84.5,87.8,3.09
458,genhe,92,CN,1531530962,98,50.78,121.52,59.28,8.23
459,ust-tsilma,80,RU,1531530963,75,65.44,52.15,60.18,2.98
460,codrington,0,AU,1531530963,65,-28.95,153.24,52.53,3.42
461,utevka,0,RU,1531530963,83,52.9,50.95,63.51,2.75
462,jalingo,92,NG,1531530963,98,10.21,12.82,68.28,6.67
463,gao,56,ML,1531530964,53,16.28,-0.04,84.75,8.46
464,chuhar kana,40,PK,1531528200,88,31.75,73.8,82.4,4.7
465,tomatlan,36,MX,1531530964,73,19.93,-105.25,84.93,3.53
466,marzuq,100,YE,1531530964,17,14.4,46.47,87.09,7.23
467,mbigou,12,GA,1531530964,94,-1.9,11.91,66.03,2.86
468,almoradi,0,ES,1531530000,88,38.11,-0.79,75.2,3.36
469,mattawa,90,CA,1531527600,83,46.32,-78.7,69.8,13.87
470,saint marys,1,US,1531529640,69,41.43,-78.56,75.2,5.82
471,batemans bay,0,AU,1531530965,92,-35.71,150.18,49.74,6.11
472,aasiaat,92,GL,1531530965,92,68.71,-52.87,44.43,2.98
473,dinguiraye,88,GN,1531530966,100,11.29,-10.71,68.73,5.21
474,vila do maio,40,CV,1531526400,78,15.13,-23.22,75.2,18.34
475,dukat,36,RS,1531530966,100,42.44,22.31,56.04,1.52
476,acapulco,75,MX,1531525860,70,16.86,-99.88,87.8,8.05
477,port-cartier,40,CA,1531526400,59,50.03,-66.88,60.8,5.82
478,muros,40,ES,1531530000,100,42.77,-9.06,62.6,1.12
479,guymon,75,US,1531529580,69,36.68,-101.48,86.0,14.99
480,charters towers,0,AU,1531530967,80,-20.07,146.27,61.98,4.65
481,usinsk,56,RU,1531530968,71,66.0,57.56,58.29,2.86
482,pishin,0,PK,1531530968,84,30.58,67.0,54.33,3.2
483,lasa,0,CY,1531530000,94,34.92,32.53,78.8,5.82
484,kalmar,0,SE,1531529400,93,56.66,16.36,53.6,2.24
485,sechura,0,PE,1531530968,84,-5.56,-80.82,69.09,9.35
486,zhangjiakou,92,CN,1531530969,88,40.77,114.88,68.55,3.53
487,san cristobal,75,EC,1531526400,76,-0.39,-78.55,53.6,18.34
488,masvingo,8,ZW,1531530969,66,-20.08,30.83,51.72,4.54
489,ouallam,0,NE,1531530969,62,14.32,2.08,82.59,9.57
490,lulea,36,SE,1531529400,87,65.58,22.15,60.8,1.12
491,at-bashi,0,KG,1531530970,82,41.17,75.81,41.73,1.41
492,sassandra,92,CI,1531530970,100,4.95,-6.09,76.56,9.8
493,antofagasta,90,CL,1531526400,76,-23.65,-70.4,55.4,9.17
494,hinundayan,56,PH,1531530971,89,10.35,125.25,84.48,14.5
495,maxixe,0,MZ,1531530971,100,-23.86,35.35,63.33,4.88
496,skibbereen,75,IE,1531528200,87,51.55,-9.27,57.2,5.82
497,koumac,48,NC,1531530971,74,-20.56,164.28,76.29,3.76
498,ilesha,68,NG,1531530971,96,7.14,5.26,69.36,4.54
499,robertsport,80,LR,1531530972,100,6.75,-11.37,76.65,11.03
500,hobyo,36,SO,1531530972,78,5.35,48.53,76.56,22.66
501,sisimiut,48,GL,1531530972,58,66.94,-53.67,49.11,1.52
502,elizabeth city,1,US,1531529940,83,36.3,-76.22,78.8,4.7
503,burnie,0,AU,1531530973,100,-41.05,145.91,47.76,7.23
504,la rioja,0,AR,1531530973,88,-29.41,-66.86,49.29,2.64
505,khandyga,100,RU,1531530973,67,62.65,135.58,68.28,3.2
506,vallenar,0,CL,1531530973,74,-28.58,-70.76,51.72,2.19
507,pangnirtung,24,CA,1531530973,66,66.15,-65.72,45.51,2.86
508,pacific grove,1,US,1531528500,56,36.62,-121.92,73.4,21.92
509,cayenne,0,GF,1531528200,100,4.94,-52.33,77.0,1.12
510,warwick,40,US,1531529760,77,41.7,-71.42,73.4,6.93
511,tamandare,44,BR,1531530974,82,-8.28,-70.75,76.92,2.64
512,rudnogorsk,36,RU,1531530975,71,57.27,103.75,65.76,2.98
513,ilongero,0,TZ,1531530975,95,-4.67,34.87,56.85,11.59
514,krutinka,20,RU,1531530975,67,56.01,71.51,69.18,12.93
515,phalodi,44,IN,1531530975,72,27.13,72.36,83.58,9.69
516,sept-iles,40,CA,1531526400,59,50.2,-66.38,60.8,5.82
517,santa isabel,75,CO,1531526400,65,4.71,-75.1,77.0,4.43
518,tulum,75,MX,1531525380,83,20.21,-87.46,84.2,8.05
519,nianzishan,0,CN,1531530976,75,47.51,122.88,75.93,4.99
520,bodden town,40,KY,1531526400,79,19.28,-81.25,86.0,11.41
521,khatra,80,IN,1531530977,98,22.98,86.85,76.02,3.65
522,alice springs,0,AU,1531530000,17,-23.7,133.88,57.2,3.36
523,katima mulilo,0,NA,1531530977,69,-17.5,24.28,50.55,3.76
524,bilibino,88,RU,1531530977,71,68.06,166.44,59.73,5.1
525,batagay-alyta,44,RU,1531530977,69,67.8,130.41,51.09,3.98
526,yuza,75,JP,1531526400,88,39.05,139.95,73.4,2.24
